序号,C A S 号,UN号,中文名称,别名,"毒性a,b","燃烧爆炸
特性","加压
气体","其他
危害","介质与金属
材料相容性
提示","反应和稳定
性提示",危害提示,"GHS健康和环境
危害类别","附加
信息",
1 ,999-81-5,一,矮壮素,一  ,IV,一, ―,一,一,,一,"急性毒性-经口，类别4
急性毒性-经皮，类别4",一,
2 ,7664-41-7,1005 ,氨,液氨；氨气,Ⅲ*,易燃气体，类别2,"加压
气体",一,"氨应力腐蚀开
裂、渗氮(含量
高，高温)","与强氧化剂、卤素、
酸类等禁配物接触
发生剧烈反应。
禁配物：卤素、酰基
氯、氯仿、强氧化剂。
危险的分解产物：无
资料","易燃气体，内装
加压气体，遇热
可能爆炸，吸入
会中毒，可引起
皮肤腐蚀，强渗
透性","急性毒性-吸入，类别3*
皮肤腐蚀/刺激，类别1B
严重眼损伤/眼刺激，类
别1
危害水生环境-急性危
害，类别1",一,
3 ,95-55-6,2512 ,"2-氨基
苯酚","邻氨基苯酚
邻羟基苯胺
2-氨基酚",IV/Ⅲ,一, ―,一,一,"与强氧化剂等禁配
物发生反应。
禁配物：强氧化剂、
酰基氯、酸酐、酸类、
氯仿。
危险的分解产物：无
资料",一,"急性毒性-经口，类别4
急性毒性-吸入，类别4
生殖细胞致突变性，类
别2",一,
4 ,591-27-5,2512 ,"3-氨基
苯酚","间氨基苯酚；
间羟基苯胺；
3-氨基酚；间
氨基酚",IV/Ⅲ,,-,---,,"与强氧化剂等禁配
物发生反应。
禁配物：强氧化剂、
酰基氯、酸酐、酸类、
氯仿。
危险的分解产物：无
资料",一,"急性毒性-经口，类别4
急性毒性-吸入，类别4
危害水生环境-急性危
害，类别2
危害水生环境-长期危
害，类别2",一,
5 ,123-30-8,2512 ,"4-氨基
苯酚","对氨基苯酚
4-氨基酚",一/Ⅲ,…,一,一,―,"与强氧化剂等禁配
物发生反应。
禁配物：强氧化剂、
酰基氯、酸酐、酸类、
氯仿。
危险的分解产物：无
资料",--,"生殖细胞致突变性，类
别2
危害水生环境-急性危
害，类别1
危害水生环境-长期危
害，类别1",一,
6 ,107-10-8,1277 ,"1-氨基
丙烷","正丙胺 ；
丙胺",Ⅲ,"易爆介质；
易燃液体，类
别2",,一,碱腐蚀、碱脆,"与强氧化剂等禁配
物接触，有发生火灾
和爆炸的危险。
禁配物：强氧化剂、
酰基氯、酸酐、酸类。
危险的分解产物：无
资料","高度易燃液体，
皮肤接触会中
毒，吸入会中
毒，可引起皮肤
腐蚀","急性毒性-经口，类别4
急性毒性-经皮，类别3
急性毒性-吸入，类别3
皮肤腐蚀/刺激，类别1
严重眼损伤/眼刺激，类
别1",一,
10 ,102-28-3,-,"氨基乙酰
苯胺(间)",一,一/IV,一,一,一,碱腐蚀、碱脆,一,一,"皮肤腐蚀/刺激，类别2
严重眼损伤/眼刺激，类
别2
特异性靶器官毒性一次
接触，类别3", 一,
11 ,152-16-9,3018 ,"八甲基焦
磷酰胺","八甲基焦磷
酰胺；八甲
磷；希拉登",I,一,一,一,一,"与强氧化剂、强酸等
禁配物接触，有发生
容器爆炸的危险。
受热分解，放出氮、
磷的氧化物等毒性
气体。
禁配物：强氧化剂、
强酸。
危险的分解产物：氮
氧化物、氧化磷","吞咽致命，皮肤
接触致命","急性毒性-经口，类别2*
急性毒性-经皮，类别1
危害水生环境-长期危
害，类别3
危害水生环境-急性危
害，类别3", 一,
12 ,57-74-9,2996 ,"1,2,4,5,
6,7,8,8-
八氯-2,
 3,3a,4,
 7,7a-六
氢-4,7-
亚甲基茚",氯丹；八氯化茚,Ⅲ/Ⅱ,一,一,一,一,"与强氧化剂等禁配
物发生反应。
禁配物：强氧化剂。
危险的分解产物：氯
化氢","皮 肤 接 触 会
中毒","急性毒性-经皮，类别3
急性毒性-经口，类别4
致癌性，类别2
危害水生环境-急性危
害，类别1
危害水生环境-长期危
害，类别1", 一,
13 ,71-43-2,1114 ,苯,纯苯,"―(Ⅱ-
密封
性)/I","易爆介质；
易燃液体，类
别2",一,一,一,"与强氧化剂等禁配
物接触，有发生火灾
和爆炸的危险。
禁配物：强氧化剂、
酸类、卤素等。
危险的分解产物：无
资料","高度易燃液体，
可能致癌，禁止
催吐，强渗透性","皮肤腐蚀/刺激，类别2
严重眼损伤/眼刺激，类别2
生殖细胞致突变性，类
别1B
致癌性，类别1A
特异性靶器官毒性-反复
接触，类别1
吸入危害，类别1
危害水生环境-急性危
害，类别2
危害水生环境-长期危
害，类别3", 一,
14 ,62-53-3,1547 ,苯胺,氨基苯；阿尼林油,Ⅲ*/Ⅱ,易爆介质,一,一,碱腐蚀、碱脆,"与强氧化剂、酸类等
禁配物发生反应。
禁配物：强氧化剂、
酸类、酰基氯、酸酐。
危险的分解产物：无
资料","吞咽会中毒，皮
肤接触会中毒，
吸入会中毒，造
成严重眼损伤，
可能引起皮肤
过敏","急性毒性-经口，类别3*
急性毒性-经皮，类别3*
急性毒性-吸入，类别3*
严重眼损伤/眼刺激，类别1
皮肤致敏物，类别1
生殖细胞致突变性，类别2
特异性靶器官毒性-反复
接触，类别1
危害水生环境-急性危
害，类别1
危害水生环境-长期危
害，类别2", 一,
,,,,,,,,,,,,,,
,,,,,,,,,,,,,,
